order_id,account_id,amount,payment_method,order_date,status
ORD_0e0368ff51,ACC_L0016,5429.29,upi,2026-08-02T15:13:00,returned
ORD_0641b2a490,ACC_L0185,1898.22,upi,2026-07-16T12:32:00,delivered
ORD_7f2f9591e4,ACC_L0167,2663.41,upi,2026-06-09T17:25:00,delivered
ORD_43d006dfe4,ACC_N4_2,3856.92,upi,2026-08-01T03:16:00,delivered
ORD_8b0130a57f,ACC_L0189,1587.84,netbanking,2026-06-20T01:39:00,delivered
ORD_71425929c5,ACC_L0239,4476.03,upi,2026-07-28T03:39:00,returned
ORD_c5610ba50d,ACC_L0232,4343.21,card,2026-06-28T14:52:00,delivered
ORD_624cf2fa3a,ACC_L0008,5729.82,netbanking,2026-07-08T13:10:00,delivered
ORD_09a2e976cf,ACC_L0166,4678.69,card,2026-08-02T10:37:00,delivered
ORD_e02d375d34,ACC_RING_B1_5,848.57,netbanking,2026-08-27T09:04:00,returned
ORD_54ba2719b2,ACC_L0029,859.95,upi,2026-06-07T17:15:00,returned
ORD_1073d99e63,ACC_L0191,1431.27,netbanking,2026-07-05T05:01:00,delivered
ORD_c170b698a4,ACC_L0191,1709.18,card,2026-06-21T03:15:00,delivered
ORD_9bea4ca91c,ACC_L0044,2225.73,netbanking,2026-08-03T10:11:00,delivered
ORD_4c1a6f1c0f,ACC_L0041,4019.9,card,2026-08-12T01:22:00,delivered
ORD_bb1d4f10de,ACC_N2_2,4277.14,upi,2026-07-03T09:36:00,delivered
ORD_1907d7f92b,ACC_L0205,5646.95,card,2026-08-12T18:37:00,delivered
ORD_cfe6342277,ACC_L0108,3803.2,netbanking,2026-08-15T18:09:00,delivered
ORD_9b0203769a,ACC_RING_A2_1,1166.29,netbanking,2026-06-21T04:35:00,delivered
ORD_bc0149982b,ACC_L0102,3924.2,netbanking,2026-06-05T04:04:00,delivered
ORD_9f2ce6a80e,ACC_L0025,5889.73,netbanking,2026-07-15T20:32:00,delivered
ORD_ba2addba40,ACC_L0153,3448.53,upi,2026-07-06T12:23:00,delivered
ORD_fb8ef802ef,ACC_L0025,5806.3,netbanking,2026-07-22T10:17:00,returned
ORD_13c32040f7,ACC_L0077,2676.48,netbanking,2026-06-09T02:53:00,delivered
ORD_a6809ad773,ACC_L0161,206.06,upi,2026-08-19T01:55:00,delivered
ORD_5eccfea05f,ACC_L0184,5040.16,netbanking,2026-08-30T22:38:00,delivered
ORD_4ed645221c,ACC_L0092,5908.97,wallet,2026-06-25T11:43:00,returned
ORD_a94a3673be,ACC_L0028,2664.85,netbanking,2026-08-10T00:19:00,delivered
ORD_cb2774da00,ACC_L0168,2731.52,card,2026-06-03T03:59:00,returned
ORD_8c6093346e,ACC_L0196,5819.25,wallet,2026-06-07T12:28:00,delivered
ORD_18fbdd8673,ACC_L0165,926.24,upi,2026-07-06T20:08:00,delivered
ORD_670f477b5f,ACC_N3_0,682.87,upi,2026-06-21T12:40:00,delivered
ORD_095e0f4b00,ACC_RING_A1_1,1390.39,upi,2026-08-04T01:13:00,delivered
ORD_a4e09da79e,ACC_N4_0,5502.8,netbanking,2026-08-10T09:46:00,delivered
ORD_dd4716ef3d,ACC_RING_A1_2,1336.61,card,2026-08-02T03:23:00,returned
ORD_a263d4ce17,ACC_L0009,5585.23,netbanking,2026-08-16T10:31:00,delivered
ORD_11e8082d52,ACC_L0241,1695.8,upi,2026-07-19T01:27:00,delivered
ORD_3001046610,ACC_L0075,4316.09,wallet,2026-07-06T19:40:00,delivered
ORD_54be98e7d4,ACC_L0226,5382.99,netbanking,2026-08-24T20:10:00,delivered
ORD_1cb7762fec,ACC_L0015,5995.8,card,2026-07-27T17:06:00,delivered
ORD_f6c581d54b,ACC_N5_1,4146.18,upi,2026-08-13T08:11:00,returned
ORD_73c584f3ff,ACC_L0229,1559.22,netbanking,2026-06-22T02:48:00,delivered
ORD_c0a9721159,ACC_L0207,2734.04,wallet,2026-07-24T19:41:00,delivered
ORD_3e0b15ef5d,ACC_L0103,529.89,netbanking,2026-08-27T10:42:00,delivered
ORD_c7a13e4f58,ACC_L0123,2913.56,upi,2026-06-07T03:26:00,delivered
ORD_fca4444956,ACC_L0230,4781.93,netbanking,2026-08-11T17:00:00,delivered
ORD_db7b4c907a,ACC_L0171,4376.23,upi,2026-08-18T20:10:00,delivered
ORD_cdb9df4f7d,ACC_L0177,4366.48,upi,2026-07-15T16:33:00,delivered
ORD_debbcf47eb,ACC_L0089,626.79,upi,2026-08-24T19:55:00,delivered
ORD_caf5de441a,ACC_L0217,3855.9,wallet,2026-08-02T02:08:00,delivered
ORD_d3f5ec0c4a,ACC_L0228,2172.63,wallet,2026-07-26T21:46:00,delivered
ORD_a1d023ded2,ACC_L0052,5040.36,card,2026-06-04T02:14:00,returned
ORD_bd11ff8633,ACC_L0208,5520.48,upi,2026-06-08T07:02:00,delivered
ORD_9295e1e03e,ACC_L0002,404.19,wallet,2026-07-16T11:38:00,delivered
ORD_9ae76e0112,ACC_RING_C2_1,1869.58,card,2026-07-22T06:14:00,delivered
ORD_b35f66d815,ACC_L0070,5418.11,card,2026-06-30T10:49:00,delivered
ORD_3af214c93a,ACC_L0114,2670.93,netbanking,2026-07-07T17:00:00,delivered
ORD_2951990dfa,ACC_L0016,492.13,card,2026-06-20T06:18:00,delivered
ORD_f13323ca20,ACC_L0151,2982.75,card,2026-06-22T13:17:00,delivered
ORD_1f68fb343c,ACC_L0142,3019.98,upi,2026-07-03T15:46:00,delivered
ORD_9fe8f56fa6,ACC_L0136,2025.89,netbanking,2026-08-13T19:49:00,delivered
ORD_f81b2c6ec4,ACC_L0245,1129.26,card,2026-07-12T16:05:00,returned
ORD_e5e10e2920,ACC_L0017,1525.94,card,2026-06-09T19:04:00,delivered
ORD_296f76c415,ACC_L0063,380.62,wallet,2026-08-20T03:57:00,delivered
ORD_fd820c56bc,ACC_L0192,678.01,upi,2026-08-09T09:11:00,delivered
ORD_5753ef84ab,ACC_L0069,3891.03,card,2026-07-29T02:42:00,delivered
ORD_acf487ffd2,ACC_RING_A2_3,2437.3,upi,2026-06-21T07:13:00,returned
ORD_9777407250,ACC_N2_1,4500.33,card,2026-07-23T08:12:00,delivered
ORD_a609a0484d,ACC_L0193,4867.71,netbanking,2026-06-01T10:58:00,delivered
ORD_4d89d4e840,ACC_L0151,3034.78,card,2026-06-22T04:17:00,delivered
ORD_51c5c89f2c,ACC_N1_1,2362.54,upi,2026-07-29T19:37:00,delivered
ORD_4f67c4b22f,ACC_L0028,3140.37,upi,2026-07-30T14:28:00,delivered
ORD_f99792d6bc,ACC_N3_2,5125.82,netbanking,2026-08-21T15:28:00,delivered
ORD_c5a0fd4214,ACC_RING_C2_3,1974.28,upi,2026-07-20T15:17:00,returned
ORD_00d02aa517,ACC_L0256,3463.19,upi,2026-08-05T04:28:00,delivered
ORD_ccf00e7b13,ACC_L0010,5871.21,upi,2026-06-11T23:31:00,delivered
ORD_a7630ab45c,ACC_L0237,5890.81,upi,2026-08-27T11:58:00,delivered
ORD_a4b7c8c2c9,ACC_N5_3,4620.83,card,2026-08-26T21:31:00,delivered
ORD_6af0ad81c5,ACC_L0095,800.44,netbanking,2026-08-10T23:38:00,delivered
ORD_0a2147de19,ACC_L0126,808.98,upi,2026-08-04T14:17:00,delivered
ORD_3df49417da,ACC_RING_B2_3,1517.81,upi,2026-07-14T15:43:00,delivered
ORD_d2483a5aca,ACC_L0231,3203.61,card,2026-07-16T20:51:00,delivered
ORD_20a3385bf8,ACC_L0257,2809.66,card,2026-08-06T11:24:00,delivered
ORD_ef86497e80,ACC_L0176,3860.62,card,2026-06-20T17:20:00,delivered
ORD_f3b78f2fc0,ACC_RING_A2_1,1765.32,wallet,2026-06-22T06:07:00,returned
ORD_f59f62b1c1,ACC_L0018,3443.51,card,2026-06-10T00:29:00,delivered
ORD_a551211eef,ACC_L0170,564.35,wallet,2026-06-16T13:44:00,delivered
ORD_13662f691e,ACC_L0052,1211.71,wallet,2026-08-06T20:28:00,returned
ORD_e2f20d1c57,ACC_L0093,5615.62,card,2026-08-22T15:55:00,delivered
ORD_1d6e8b2c5e,ACC_L0208,1166.36,upi,2026-06-18T16:56:00,delivered
ORD_fab7abc9f1,ACC_N4_2,2845.21,card,2026-07-02T10:49:00,delivered
ORD_d27b47e929,ACC_RING_C2_2,2454.57,upi,2026-07-20T21:10:00,returned
ORD_2a597913be,ACC_L0055,2849.47,card,2026-06-12T07:53:00,returned
ORD_89633a8dbb,ACC_L0201,3450.84,upi,2026-07-30T08:14:00,delivered
ORD_4c421b69f4,ACC_N1_3,5635.75,wallet,2026-08-17T17:52:00,delivered
ORD_7b75e10182,ACC_L0110,5746.4,wallet,2026-08-03T20:34:00,delivered
ORD_45db154f61,ACC_L0228,1988.29,upi,2026-07-27T01:04:00,delivered
ORD_0fc0da7973,ACC_L0152,5178.12,upi,2026-07-27T10:27:00,delivered
ORD_191ecee168,ACC_L0084,2698.71,wallet,2026-06-12T13:54:00,delivered
ORD_9ba08a9426,ACC_L0150,4708.14,upi,2026-07-20T00:18:00,delivered
ORD_50e055c93c,ACC_N2_1,2343.92,upi,2026-08-13T16:07:00,delivered
ORD_122a919141,ACC_L0154,3113.68,wallet,2026-08-16T15:37:00,delivered
ORD_8d84b4b4a9,ACC_L0054,5302.95,wallet,2026-08-10T04:59:00,delivered
ORD_299e386fb1,ACC_N5_2,5034.4,netbanking,2026-07-01T08:13:00,delivered
ORD_7686f517a8,ACC_L0057,239.78,upi,2026-07-27T03:33:00,returned
ORD_9d712ea7c3,ACC_L0223,3837.32,netbanking,2026-08-29T04:13:00,delivered
ORD_d42874776d,ACC_L0142,5679.35,card,2026-08-07T01:53:00,delivered
ORD_ccc6654288,ACC_L0047,5672.92,wallet,2026-06-06T01:35:00,delivered
ORD_2ee9237348,ACC_L0053,3997.31,wallet,2026-07-22T16:52:00,disputed
ORD_292b08516c,ACC_L0149,180.39,netbanking,2026-07-20T10:23:00,delivered
ORD_44fd0d92db,ACC_L0157,4830.29,upi,2026-06-03T10:41:00,delivered
ORD_5bd162b87d,ACC_L0240,5240.19,upi,2026-06-26T19:55:00,delivered
ORD_5449ddbbd5,ACC_L0026,826.53,upi,2026-07-11T13:38:00,disputed
ORD_80692d02dd,ACC_L0138,1468.27,upi,2026-06-24T17:30:00,delivered
ORD_8e07ef4783,ACC_L0045,2515.75,upi,2026-07-28T00:05:00,delivered
ORD_7f48123b54,ACC_L0004,477.24,card,2026-08-27T10:53:00,delivered
ORD_e14de770c9,ACC_L0145,1572.77,upi,2026-06-11T11:25:00,delivered
ORD_af50762d39,ACC_L0125,5613.45,card,2026-06-23T13:56:00,delivered
ORD_ab48a87494,ACC_L0080,441.11,card,2026-06-07T04:10:00,delivered
ORD_dbb96403db,ACC_L0045,3387.82,netbanking,2026-07-10T21:37:00,delivered
ORD_e3a5e20b71,ACC_L0153,1565.82,upi,2026-08-26T15:08:00,delivered
ORD_2eb2b6ba74,ACC_L0159,1243.72,netbanking,2026-08-13T03:51:00,returned
ORD_cfaffee312,ACC_L0047,2944.72,card,2026-06-24T01:16:00,returned
ORD_8c1c24ca33,ACC_N0_0,1243.4,netbanking,2026-08-05T20:17:00,delivered
ORD_b2ba19090c,ACC_L0091,4471.07,card,2026-06-13T16:49:00,delivered
ORD_063209de34,ACC_RING_A2_3,1283.83,netbanking,2026-06-23T12:02:00,disputed
ORD_8fda16a474,ACC_RING_B2_0,2291.4,wallet,2026-07-15T02:09:00,returned
ORD_bbcca5709d,ACC_L0051,4243.44,netbanking,2026-07-27T03:29:00,delivered
ORD_03ec3eedc8,ACC_RING_C1_0,1119.6,card,2026-08-09T16:42:00,delivered
ORD_cc8f33f345,ACC_L0046,3599.08,netbanking,2026-06-28T23:30:00,delivered
ORD_9e2fe91037,ACC_L0229,2771.38,wallet,2026-06-11T14:28:00,delivered
ORD_8faf6f97ab,ACC_L0112,446.04,wallet,2026-07-05T14:15:00,delivered
ORD_d8aa24057d,ACC_L0006,5985.59,wallet,2026-08-14T12:23:00,delivered
ORD_4f57530f08,ACC_L0045,4261.7,netbanking,2026-07-25T23:35:00,delivered
ORD_8172868dbc,ACC_L0014,701.81,wallet,2026-07-02T15:51:00,delivered
ORD_38ee2bff79,ACC_L0059,4267.76,card,2026-06-12T13:06:00,delivered
ORD_a7eee886bf,ACC_L0053,4026.11,wallet,2026-07-13T13:44:00,delivered
ORD_4ed991d525,ACC_L0003,1776.15,netbanking,2026-06-11T07:55:00,delivered
ORD_f99d2f5597,ACC_L0198,3309.73,netbanking,2026-08-29T17:46:00,returned
ORD_4283ac60ef,ACC_L0172,4551.81,wallet,2026-06-28T02:57:00,delivered
ORD_d564bc04e3,ACC_L0209,5050.27,netbanking,2026-08-15T17:22:00,delivered
ORD_fe0ad15fb9,ACC_L0065,4095.28,wallet,2026-06-19T07:55:00,delivered
ORD_e58ab3fa08,ACC_L0039,5583.99,wallet,2026-06-21T09:06:00,delivered
ORD_978a628092,ACC_L0077,3435.28,netbanking,2026-06-17T17:03:00,delivered
ORD_af34d48ce3,ACC_L0199,3806.78,wallet,2026-07-25T02:18:00,delivered
ORD_cbc2814a41,ACC_L0187,2744.07,upi,2026-06-03T02:12:00,returned
ORD_bc1a4f4140,ACC_RING_C2_2,2150.46,card,2026-07-22T21:35:00,delivered
ORD_790594d46a,ACC_L0061,773.92,wallet,2026-07-09T06:24:00,returned
ORD_9637672f39,ACC_L0030,3102.95,wallet,2026-07-27T19:52:00,delivered
ORD_4d89194e7d,ACC_L0088,3929.84,card,2026-06-14T10:45:00,delivered
ORD_833938a847,ACC_L0213,1667.64,wallet,2026-06-04T20:31:00,disputed
ORD_dd89186004,ACC_L0099,3674.35,upi,2026-06-11T23:27:00,delivered
ORD_8fa5917155,ACC_RING_B1_3,1474.92,card,2026-08-29T14:34:00,delivered
ORD_fec62ac60c,ACC_L0161,1244.53,wallet,2026-08-11T05:31:00,delivered
ORD_0f8ebb2261,ACC_L0239,4738.2,netbanking,2026-08-22T17:24:00,delivered
ORD_11f497b0b7,ACC_L0164,1794.35,upi,2026-06-27T01:36:00,delivered
ORD_395f7f57d4,ACC_L0079,3462.98,wallet,2026-07-15T00:11:00,returned
ORD_0b555588a2,ACC_L0056,2094.77,wallet,2026-06-20T14:34:00,delivered
ORD_5098bc9a7d,ACC_L0106,4128.64,netbanking,2026-07-11T20:04:00,delivered
ORD_c168d8ecaa,ACC_RING_B2_2,1969.21,wallet,2026-07-14T03:59:00,returned
ORD_c012a68426,ACC_L0122,2004.69,netbanking,2026-08-30T06:44:00,delivered
ORD_6d439d97fb,ACC_L0183,1740.94,card,2026-08-29T23:20:00,delivered
ORD_15850ef976,ACC_L0181,2548.71,upi,2026-08-09T07:09:00,delivered
ORD_caf4936034,ACC_L0164,3754.48,upi,2026-08-30T19:40:00,delivered
ORD_606eba9afc,ACC_L0017,3773.38,wallet,2026-08-12T07:37:00,delivered
ORD_e2275c85cc,ACC_L0162,1134.02,wallet,2026-06-05T08:14:00,delivered
ORD_c28f72d9c9,ACC_L0233,3099.56,wallet,2026-07-28T14:42:00,delivered
ORD_f12059f365,ACC_L0051,1021.59,netbanking,2026-07-25T03:34:00,delivered
ORD_a74bed6265,ACC_L0256,5364.91,netbanking,2026-08-23T04:23:00,delivered
ORD_69c4829813,ACC_L0058,2475.28,card,2026-07-31T08:21:00,delivered
ORD_577258bfba,ACC_L0029,5754.1,wallet,2026-06-14T13:14:00,delivered
ORD_95c73e87d0,ACC_L0030,1666.27,upi,2026-06-21T23:55:00,delivered
ORD_c631c4a314,ACC_L0022,2309.91,upi,2026-08-28T04:34:00,delivered
ORD_a20aafe2f3,ACC_L0093,2778.52,upi,2026-07-07T02:48:00,delivered
ORD_f25f9cc8c8,ACC_L0153,4940.95,wallet,2026-07-27T09:53:00,delivered
ORD_1d74a70333,ACC_L0024,1601.78,upi,2026-07-23T21:55:00,delivered
ORD_267a3f3426,ACC_L0069,1763.91,card,2026-08-09T20:22:00,delivered
ORD_64f54587c4,ACC_L0214,5453.18,netbanking,2026-08-27T17:40:00,delivered
ORD_52d54ff923,ACC_L0138,3933.23,wallet,2026-07-20T07:16:00,delivered
ORD_660c8266b7,ACC_L0166,5282.31,wallet,2026-08-05T23:17:00,delivered
ORD_c1e792fb39,ACC_L0083,5025.12,netbanking,2026-08-08T22:14:00,delivered
ORD_cc81a56c4f,ACC_L0144,3247.09,netbanking,2026-08-08T17:26:00,delivered
ORD_edf39ae545,ACC_L0256,5893.84,upi,2026-08-24T07:54:00,returned
ORD_e4b7aee0e7,ACC_L0177,1722.27,card,2026-07-18T04:47:00,delivered
ORD_ec581de8f3,ACC_N1_1,5469.63,wallet,2026-06-14T00:12:00,delivered
ORD_431819acf2,ACC_L0249,5497.89,netbanking,2026-08-21T04:19:00,delivered
ORD_17d564bb88,ACC_L0038,4636.35,upi,2026-08-12T06:29:00,delivered
ORD_9776779875,ACC_L0098,4920.13,wallet,2026-07-11T09:32:00,delivered
ORD_e88a2ea860,ACC_N0_0,1497.53,netbanking,2026-08-17T22:52:00,delivered
ORD_602bec26e3,ACC_L0076,2646.57,netbanking,2026-07-22T13:46:00,delivered
ORD_8aaaae00aa,ACC_L0005,1393.87,wallet,2026-06-28T18:56:00,delivered
ORD_17f7dad5f6,ACC_L0164,1713.96,card,2026-07-12T22:18:00,delivered
ORD_f55cef880c,ACC_L0172,1599.55,card,2026-07-15T13:20:00,delivered
ORD_de79d88128,ACC_L0174,230.69,upi,2026-07-31T02:01:00,delivered
ORD_8fc699e5b1,ACC_L0057,2408.56,upi,2026-07-31T22:58:00,delivered
ORD_e729d63943,ACC_L0079,1957.56,netbanking,2026-06-04T05:17:00,delivered
ORD_fc6b6cbbc3,ACC_L0118,4729.99,upi,2026-08-16T15:16:00,returned
ORD_0bb83f38b7,ACC_L0052,4574.17,wallet,2026-08-26T08:36:00,delivered
ORD_23796e838a,ACC_L0094,627.39,upi,2026-08-04T11:15:00,delivered
ORD_0d379b9305,ACC_L0188,2683.96,wallet,2026-07-30T01:10:00,returned
ORD_72bd047a72,ACC_L0023,5306.28,card,2026-07-01T05:51:00,delivered
ORD_3b446948b9,ACC_L0107,1097.51,upi,2026-06-16T16:09:00,delivered
ORD_c2f4f96da7,ACC_L0104,3497.82,wallet,2026-07-01T15:01:00,delivered
ORD_65db0d9aa7,ACC_L0137,424.27,netbanking,2026-08-20T21:27:00,delivered
ORD_f693798a4b,ACC_L0154,1123.08,card,2026-06-14T07:42:00,delivered
ORD_51e5554658,ACC_L0239,2417.19,netbanking,2026-08-28T21:03:00,returned
ORD_2fbd497171,ACC_L0017,3120.8,upi,2026-08-04T16:10:00,delivered
ORD_f0ae922b2d,ACC_L0216,953.59,upi,2026-07-23T01:55:00,returned
ORD_069f6de863,ACC_L0086,4591.04,card,2026-06-26T05:38:00,delivered
ORD_57a9f3fb19,ACC_L0220,5698.51,wallet,2026-06-22T02:52:00,delivered
ORD_9e105395e1,ACC_L0221,1646.37,card,2026-08-23T01:24:00,returned
ORD_3d45120819,ACC_L0080,3701.39,wallet,2026-07-05T14:42:00,delivered
ORD_a37e6722ea,ACC_L0091,4660.92,upi,2026-06-20T05:11:00,delivered
ORD_2dccc80442,ACC_L0182,2605.92,card,2026-06-14T06:33:00,disputed
ORD_9a595d5f27,ACC_L0021,3377.33,wallet,2026-08-21T08:10:00,delivered
ORD_784788b972,ACC_L0212,2117.26,netbanking,2026-07-09T21:06:00,delivered
ORD_0dcdc78381,ACC_L0193,948.24,upi,2026-08-15T03:21:00,delivered
ORD_1987c3639d,ACC_L0054,451.93,netbanking,2026-08-19T15:40:00,delivered
ORD_4a15ee3b5b,ACC_RING_B2_3,1077.56,wallet,2026-07-15T14:56:00,delivered
ORD_f383a21470,ACC_L0170,1983.11,netbanking,2026-06-12T23:51:00,delivered
ORD_73a7be6edc,ACC_L0247,4956.47,netbanking,2026-06-23T08:35:00,delivered
ORD_aecb8ad0e2,ACC_RING_B1_3,936.11,upi,2026-08-28T01:18:00,returned
ORD_01dd04d845,ACC_L0128,2943.11,upi,2026-08-25T03:11:00,disputed
ORD_6c40d7a41c,ACC_L0023,5846.95,upi,2026-07-16T17:56:00,returned
ORD_e1ecaa04f9,ACC_L0232,1247.13,wallet,2026-07-23T03:16:00,delivered
ORD_767b0add17,ACC_L0136,1907.93,card,2026-06-19T21:33:00,delivered
ORD_15dc285b4a,ACC_L0102,4122.51,netbanking,2026-07-20T18:02:00,delivered
ORD_7a6514321b,ACC_L0113,4614.26,wallet,2026-07-12T18:46:00,delivered
ORD_fb66e509d3,ACC_RING_B1_0,1488.11,card,2026-08-28T22:11:00,returned
ORD_ed90d870a5,ACC_L0191,3566.34,upi,2026-06-08T15:33:00,delivered
ORD_f041d86d89,ACC_N4_0,551.41,card,2026-06-26T16:00:00,delivered
ORD_d0f8a44742,ACC_L0229,2365.03,upi,2026-06-07T16:14:00,delivered
ORD_4fc096f15c,ACC_L0141,3440.77,upi,2026-06-27T11:20:00,delivered
ORD_8ddd36df8e,ACC_L0031,2582.28,upi,2026-07-24T13:21:00,delivered
ORD_c9a812847c,ACC_L0156,5776.11,card,2026-08-01T03:18:00,delivered
ORD_4e96b6bbc3,ACC_L0203,5145.55,card,2026-07-31T09:05:00,delivered
ORD_a0c7d57077,ACC_L0044,2527.6,upi,2026-08-06T06:05:00,delivered
ORD_8d8f3fb6b8,ACC_L0231,1447.22,netbanking,2026-07-28T03:06:00,delivered
ORD_1e085368f1,ACC_L0093,2789.1,netbanking,2026-07-26T02:58:00,delivered
ORD_4091d8084a,ACC_L0055,1857.39,netbanking,2026-08-22T04:31:00,returned
ORD_abfea69a7e,ACC_L0195,5896.92,upi,2026-07-13T23:04:00,delivered
ORD_45ec553d15,ACC_L0048,1927.44,upi,2026-06-20T04:51:00,delivered
ORD_4ce425c03e,ACC_L0244,4553.04,wallet,2026-07-13T11:18:00,delivered
ORD_3c79c1d336,ACC_N4_1,3093.54,netbanking,2026-07-23T16:06:00,delivered
ORD_c048bbe22c,ACC_RING_A1_4,1447.5,upi,2026-08-02T18:14:00,delivered
ORD_ecb5a37bf2,ACC_L0033,1115.51,wallet,2026-08-25T21:51:00,delivered
ORD_e38b9fdce1,ACC_L0092,4880.45,wallet,2026-06-30T17:15:00,delivered
ORD_4c2c83af4e,ACC_L0078,822.08,netbanking,2026-06-14T11:54:00,delivered
ORD_89ec784f09,ACC_L0032,2207.79,wallet,2026-08-13T12:30:00,delivered
ORD_84ca7d8a81,ACC_L0104,1325.74,upi,2026-07-17T16:14:00,delivered
ORD_3019c1cabe,ACC_L0086,3803.45,netbanking,2026-08-27T18:41:00,delivered
ORD_257f934360,ACC_L0093,5257.06,card,2026-06-21T06:51:00,delivered
ORD_702c81d91d,ACC_L0141,3566.59,wallet,2026-06-19T00:16:00,delivered
ORD_549c15cff1,ACC_L0156,2168.06,card,2026-08-26T18:44:00,delivered
ORD_f8c5f89053,ACC_L0179,5166.29,wallet,2026-07-20T04:11:00,returned
ORD_45472e6ac4,ACC_L0086,3447.85,wallet,2026-06-23T20:31:00,delivered
ORD_c600813856,ACC_L0037,3784.81,upi,2026-06-04T07:12:00,delivered
ORD_6e44b69c71,ACC_L0229,4509.65,card,2026-07-28T10:07:00,disputed
ORD_55bc2c4760,ACC_L0254,1937.01,card,2026-08-01T14:28:00,delivered
ORD_3433d5e23a,ACC_L0220,5344.65,upi,2026-08-06T19:33:00,delivered
ORD_b44ba6c556,ACC_L0060,3881.74,wallet,2026-08-03T18:09:00,delivered
ORD_d021e6b432,ACC_L0207,4981.07,netbanking,2026-06-18T09:47:00,delivered
ORD_797b9b70e8,ACC_L0200,2920.39,card,2026-06-22T20:18:00,returned
ORD_13f51139e4,ACC_L0136,5202.82,card,2026-07-27T07:34:00,delivered
ORD_82061a258b,ACC_L0118,4811.02,card,2026-08-26T03:26:00,delivered
ORD_b026ce7ae4,ACC_L0138,1264.32,netbanking,2026-07-18T02:34:00,delivered
ORD_236375f2dc,ACC_L0004,5563.54,upi,2026-06-21T14:24:00,delivered
ORD_903725e170,ACC_L0238,2378.09,card,2026-07-25T00:33:00,delivered
ORD_8f1a18461f,ACC_L0156,4737.98,wallet,2026-06-19T11:19:00,delivered
ORD_47f16c268c,ACC_L0140,2877.57,netbanking,2026-08-10T10:49:00,delivered
ORD_87f3211dc6,ACC_RING_C2_1,1618.09,netbanking,2026-07-23T12:48:00,delivered
ORD_5ae3bf8494,ACC_L0192,4265.2,netbanking,2026-08-29T11:58:00,delivered
ORD_abef89049d,ACC_L0227,3726.45,upi,2026-06-24T19:24:00,delivered
ORD_152a038a8f,ACC_L0181,5281.61,netbanking,2026-08-09T11:40:00,delivered
ORD_eea005c3f7,ACC_L0114,1795.93,wallet,2026-06-28T18:22:00,delivered
ORD_1753e81cea,ACC_L0097,4762.84,netbanking,2026-07-18T08:47:00,delivered
ORD_daab3b7083,ACC_L0033,319.8,netbanking,2026-08-02T07:17:00,delivered
ORD_ad65522742,ACC_L0246,288.95,netbanking,2026-08-22T02:47:00,delivered
ORD_470dcf6a1a,ACC_L0223,4701.06,upi,2026-06-14T15:12:00,delivered
ORD_8d39434ca7,ACC_L0149,4313.31,upi,2026-06-10T02:17:00,delivered
ORD_5e4e1ea244,ACC_L0098,2302.91,wallet,2026-08-23T10:17:00,delivered
ORD_a5482efab0,ACC_L0100,2758.61,wallet,2026-06-11T10:42:00,delivered
ORD_84f0134198,ACC_RING_C1_4,821.45,upi,2026-08-08T04:43:00,delivered
ORD_a5bb77317f,ACC_RING_A1_3,1203.14,wallet,2026-08-02T20:50:00,returned
ORD_43faf9b90c,ACC_L0131,3009.64,wallet,2026-06-15T21:13:00,delivered
ORD_6182d545b5,ACC_L0248,2710.41,wallet,2026-08-17T02:18:00,delivered
ORD_55cd583ee4,ACC_RING_B1_4,1913.22,wallet,2026-08-28T02:10:00,delivered
ORD_0776c2839f,ACC_L0087,370.0,netbanking,2026-08-04T02:19:00,delivered
ORD_bee5765537,ACC_RING_A1_0,2324.9,netbanking,2026-08-04T03:36:00,disputed
ORD_7fdfddcdf2,ACC_L0127,2522.12,wallet,2026-06-23T19:54:00,delivered
ORD_942868a8ba,ACC_L0189,5325.22,upi,2026-07-20T04:26:00,delivered
ORD_79fadb251a,ACC_L0163,3346.17,wallet,2026-08-09T01:48:00,delivered
ORD_016ba78ddf,ACC_L0215,4503.63,netbanking,2026-08-23T02:14:00,delivered
ORD_1140a3186e,ACC_L0146,5228.48,wallet,2026-08-07T01:14:00,delivered
ORD_f5b8682547,ACC_L0105,4355.39,wallet,2026-06-09T09:25:00,disputed
ORD_fd92934cab,ACC_L0256,2471.19,card,2026-06-18T14:32:00,delivered
ORD_271b7240fd,ACC_L0194,4256.75,wallet,2026-06-17T05:46:00,delivered
ORD_b974dc484d,ACC_L0147,4952.28,card,2026-08-15T04:48:00,delivered
ORD_2677002bf0,ACC_L0056,3583.59,wallet,2026-06-01T09:46:00,delivered
ORD_46d321090d,ACC_RING_B2_3,1435.19,wallet,2026-07-13T21:19:00,delivered
ORD_8dc6957f48,ACC_L0172,3704.42,card,2026-07-02T17:38:00,delivered
ORD_d3de2b75b3,ACC_L0003,3768.34,netbanking,2026-06-11T17:18:00,delivered
ORD_555a34c999,ACC_L0049,4479.52,upi,2026-08-12T19:03:00,delivered
ORD_1facad1832,ACC_L0251,468.17,wallet,2026-06-24T21:51:00,delivered
ORD_f0592d54c0,ACC_L0077,756.06,upi,2026-06-07T09:38:00,delivered
ORD_9b9922932c,ACC_L0205,3283.46,netbanking,2026-08-12T03:50:00,delivered
ORD_1d0cd3e851,ACC_RING_B1_1,1338.69,netbanking,2026-08-27T12:52:00,delivered
ORD_9dacce258b,ACC_L0143,3108.54,netbanking,2026-06-09T22:09:00,delivered
ORD_8d0c3ab75b,ACC_L0090,4261.56,card,2026-08-22T10:52:00,delivered
ORD_f8198351a2,ACC_L0160,2624.78,wallet,2026-07-24T19:08:00,delivered
ORD_6e30f6d44a,ACC_L0153,2850.49,upi,2026-08-27T17:01:00,returned
ORD_34b99b01f1,ACC_L0097,1216.33,upi,2026-08-27T14:44:00,delivered
ORD_6b495f3a69,ACC_L0197,1145.12,wallet,2026-07-11T08:06:00,delivered
ORD_e953df4b4c,ACC_L0173,3882.78,card,2026-08-03T12:07:00,delivered
ORD_87c94bd5c6,ACC_L0000,4108.69,card,2026-07-02T07:08:00,delivered
ORD_31a4fc459f,ACC_L0045,1276.62,card,2026-07-10T08:14:00,delivered
ORD_4b52b33c0c,ACC_L0238,4189.98,netbanking,2026-08-27T08:09:00,delivered
ORD_41558b43c6,ACC_L0053,761.91,upi,2026-07-15T13:21:00,delivered
ORD_c1d2814a21,ACC_L0152,4215.5,wallet,2026-06-23T12:20:00,delivered
ORD_6ab54ce1ef,ACC_L0173,922.1,wallet,2026-08-07T00:23:00,returned
ORD_7c787240d0,ACC_L0220,1114.57,wallet,2026-07-14T15:22:00,delivered
ORD_15f61d20b6,ACC_N2_0,1510.2,card,2026-07-25T04:16:00,delivered
ORD_4f1aa3f649,ACC_L0109,1698.24,upi,2026-06-11T01:41:00,delivered
ORD_8412cc82b1,ACC_L0169,3623.03,wallet,2026-06-01T06:30:00,delivered
ORD_4cdeb446f8,ACC_L0120,2051.54,wallet,2026-08-30T04:33:00,delivered
ORD_dd11655d63,ACC_L0131,5148.74,wallet,2026-08-13T17:09:00,delivered
ORD_7de1ad857e,ACC_L0028,3852.7,netbanking,2026-08-24T02:18:00,delivered
ORD_34e2145b40,ACC_RING_B1_3,2392.55,wallet,2026-08-28T18:37:00,delivered
ORD_ac5f213e70,ACC_L0245,3173.68,netbanking,2026-08-09T23:18:00,delivered
ORD_0963d00c73,ACC_RING_B1_5,1553.37,upi,2026-08-27T21:46:00,returned
ORD_71a2b170d4,ACC_L0250,2455.38,card,2026-06-16T01:00:00,delivered
ORD_1f6d3797eb,ACC_L0056,4230.37,wallet,2026-07-29T10:55:00,delivered
ORD_b0411287c6,ACC_L0068,2751.47,upi,2026-06-05T22:23:00,delivered
ORD_957c62dd25,ACC_L0167,4142.93,card,2026-08-12T15:50:00,delivered
ORD_50b69ed158,ACC_L0176,5101.84,card,2026-07-10T22:27:00,delivered
ORD_64a0801d7a,ACC_L0245,1884.14,upi,2026-08-05T16:28:00,delivered
ORD_fefc46150b,ACC_L0255,1394.65,card,2026-08-14T18:25:00,delivered
ORD_2f147ec8ef,ACC_L0101,588.99,wallet,2026-07-06T20:50:00,returned
ORD_94111d20cf,ACC_L0154,5805.85,netbanking,2026-08-12T20:43:00,delivered
ORD_014f4b8c67,ACC_L0111,3162.63,card,2026-07-15T12:08:00,delivered
ORD_df852b2f7b,ACC_L0133,894.98,upi,2026-06-16T05:34:00,delivered
ORD_7c51553040,ACC_L0206,376.88,netbanking,2026-08-19T19:43:00,delivered
ORD_6dab2bf4cb,ACC_L0252,4394.7,wallet,2026-08-25T02:16:00,delivered
ORD_ba1047df0b,ACC_L0015,3287.27,upi,2026-07-14T03:15:00,delivered
ORD_4bfe41e51d,ACC_L0184,4656.47,wallet,2026-07-23T03:34:00,delivered
ORD_d8cb57f01e,ACC_L0142,3006.65,card,2026-07-16T05:08:00,delivered
ORD_f6285032db,ACC_L0049,5941.68,netbanking,2026-07-28T14:19:00,returned
ORD_1d551e486d,ACC_L0186,5634.81,card,2026-06-26T12:23:00,delivered
ORD_ed53a22d06,ACC_L0216,4132.08,netbanking,2026-07-31T06:32:00,delivered
ORD_e722fe1f82,ACC_L0111,1978.61,netbanking,2026-07-30T06:21:00,delivered
ORD_3e026076c9,ACC_L0071,1169.34,card,2026-07-16T07:37:00,delivered
ORD_b7729e1e6f,ACC_L0223,1729.37,upi,2026-07-24T21:06:00,delivered
ORD_b94865b082,ACC_L0027,2504.04,netbanking,2026-08-04T09:42:00,delivered
ORD_844a60c3ab,ACC_N4_0,1287.97,wallet,2026-07-15T08:14:00,delivered
ORD_b2786f71ef,ACC_L0254,3815.72,card,2026-08-08T06:16:00,delivered
ORD_41bf7056e6,ACC_L0234,5557.57,upi,2026-08-10T13:53:00,delivered
ORD_149287a520,ACC_RING_A2_2,1238.12,card,2026-06-23T15:26:00,disputed
ORD_3cd6d22e79,ACC_RING_B1_2,2441.39,wallet,2026-08-28T15:18:00,returned
ORD_37ac876999,ACC_L0092,3721.98,wallet,2026-08-26T23:15:00,returned
ORD_a4fdc8df9f,ACC_L0016,5973.22,wallet,2026-07-07T13:44:00,returned
ORD_82a1ea2ab8,ACC_RING_A2_0,2492.46,netbanking,2026-06-21T14:17:00,returned
ORD_528a50d4c0,ACC_L0224,670.67,card,2026-07-13T07:00:00,delivered
ORD_5038a9a597,ACC_L0193,574.31,wallet,2026-06-15T16:55:00,delivered
ORD_3098ad94c7,ACC_L0064,2968.81,netbanking,2026-06-22T08:58:00,delivered
ORD_baf931a8f1,ACC_L0021,170.74,upi,2026-08-21T13:53:00,delivered
ORD_9edb3b9333,ACC_L0158,2677.99,card,2026-08-20T05:11:00,delivered
ORD_f46bef208a,ACC_L0079,329.34,upi,2026-06-09T04:47:00,delivered
ORD_f919b03b89,ACC_L0123,1470.18,upi,2026-07-02T01:42:00,returned
ORD_3cb2f8e234,ACC_L0096,5851.73,card,2026-06-24T21:42:00,delivered
ORD_62df182d1b,ACC_N1_2,4735.63,card,2026-07-31T19:38:00,delivered
ORD_ee00a1d405,ACC_L0120,2908.89,card,2026-07-23T16:49:00,delivered
ORD_0951dcc95e,ACC_L0122,1849.15,netbanking,2026-07-21T11:49:00,delivered
ORD_84f5d2c382,ACC_L0127,3471.52,upi,2026-06-02T23:21:00,delivered
ORD_2cf119869a,ACC_RING_C1_3,1467.12,wallet,2026-08-07T13:54:00,delivered
ORD_3ee7ca471a,ACC_L0223,838.75,card,2026-07-24T03:32:00,delivered
ORD_0f43c74b5e,ACC_L0140,5778.15,card,2026-07-09T00:13:00,returned
ORD_25adaf70bf,ACC_N0_0,1118.79,card,2026-06-01T16:56:00,delivered
ORD_1d160870b4,ACC_L0204,5497.92,card,2026-08-16T08:20:00,returned
ORD_cccad554c7,ACC_L0141,2372.06,upi,2026-07-08T04:12:00,delivered
ORD_c952a75f50,ACC_L0035,2062.05,wallet,2026-07-04T12:20:00,delivered
ORD_f7745729d8,ACC_L0231,2917.83,netbanking,2026-07-13T17:49:00,delivered
ORD_729aa3e995,ACC_L0090,256.65,netbanking,2026-08-22T21:27:00,delivered
ORD_1f842a007e,ACC_L0204,2057.84,netbanking,2026-06-12T12:35:00,delivered
ORD_1b95e0dc81,ACC_L0202,5828.63,upi,2026-08-25T11:51:00,delivered
ORD_a84066e95a,ACC_RING_A1_1,892.05,wallet,2026-08-02T16:27:00,returned
ORD_b2255d8171,ACC_L0072,3152.44,card,2026-06-09T15:28:00,delivered
ORD_8ad9a39e99,ACC_L0064,5833.21,netbanking,2026-06-26T04:50:00,delivered
ORD_dbaf940169,ACC_L0128,1680.09,netbanking,2026-07-09T18:46:00,delivered
ORD_6621f4aa5e,ACC_L0123,3751.71,upi,2026-08-11T22:17:00,delivered
ORD_215a909ff6,ACC_L0259,1453.96,wallet,2026-08-06T08:24:00,returned
ORD_16c42ca685,ACC_L0008,3899.63,card,2026-08-27T17:48:00,delivered
ORD_65473546e6,ACC_L0178,5173.33,card,2026-06-30T23:32:00,delivered
ORD_bb497613a0,ACC_L0257,1519.01,upi,2026-08-02T07:04:00,delivered
ORD_485c10080c,ACC_L0077,4042.24,wallet,2026-08-25T03:26:00,delivered
ORD_389d1c8295,ACC_L0138,2586.57,upi,2026-07-30T01:35:00,delivered
ORD_ddd5101780,ACC_L0015,725.74,wallet,2026-06-07T21:41:00,disputed
ORD_98649df5a6,ACC_L0031,3309.89,upi,2026-07-01T08:21:00,delivered
ORD_2d8df3f7e0,ACC_L0044,5298.63,card,2026-07-14T08:56:00,delivered
ORD_4dd91927df,ACC_L0013,2083.01,upi,2026-06-30T02:57:00,delivered
ORD_c4a30db2a9,ACC_L0049,4687.81,wallet,2026-08-17T19:50:00,delivered
ORD_8342ef331f,ACC_L0118,3829.8,wallet,2026-06-07T18:30:00,delivered
ORD_a39ff4b0fe,ACC_L0133,927.99,netbanking,2026-06-11T21:42:00,returned
ORD_4fb42ada6f,ACC_L0132,4512.96,card,2026-06-03T12:16:00,delivered
ORD_5170380688,ACC_L0060,2387.88,upi,2026-06-22T05:05:00,delivered
ORD_3f95e6ef19,ACC_L0246,3295.86,wallet,2026-08-27T13:53:00,delivered
ORD_607b1d1ee3,ACC_L0054,1549.89,upi,2026-06-16T00:40:00,delivered
ORD_f3e4fc70d7,ACC_L0001,1059.56,netbanking,2026-06-21T22:27:00,delivered
ORD_166a2c3d56,ACC_L0163,658.85,card,2026-07-28T08:22:00,returned
ORD_e8422df792,ACC_L0128,4559.48,netbanking,2026-06-01T08:24:00,delivered
ORD_c0be8a816d,ACC_L0209,4134.87,upi,2026-08-04T12:40:00,returned
ORD_4bf7f3ebef,ACC_L0094,4331.02,netbanking,2026-06-04T10:59:00,delivered
ORD_22f4a1014a,ACC_L0217,3521.23,upi,2026-07-06T06:48:00,delivered
ORD_270da26692,ACC_L0194,2363.55,netbanking,2026-06-29T21:37:00,delivered
ORD_fca30a2807,ACC_L0099,4814.15,netbanking,2026-08-03T22:31:00,delivered
ORD_ccfc19ecbf,ACC_RING_C1_2,1169.22,wallet,2026-08-07T07:00:00,delivered
ORD_9c0b459dcb,ACC_L0204,4751.32,wallet,2026-08-06T14:58:00,returned
ORD_edb8258d98,ACC_RING_A2_2,1241.61,netbanking,2026-06-21T04:19:00,returned
ORD_0393928a67,ACC_RING_A1_2,1787.71,netbanking,2026-08-01T13:22:00,delivered
ORD_b17e070900,ACC_L0236,4460.39,upi,2026-08-29T17:55:00,delivered
ORD_cf48650caa,ACC_L0206,5536.88,netbanking,2026-08-28T07:03:00,delivered
ORD_4c95c58524,ACC_L0000,3337.91,upi,2026-08-11T06:45:00,delivered
ORD_b8861ed516,ACC_L0166,3822.71,wallet,2026-08-02T04:36:00,delivered
ORD_4fb9583aff,ACC_L0116,5922.71,netbanking,2026-06-17T03:25:00,delivered
ORD_356455704d,ACC_L0103,4323.21,card,2026-06-18T02:28:00,delivered
ORD_993daa84cd,ACC_L0103,3023.52,card,2026-08-18T09:44:00,returned
ORD_ee301952ae,ACC_L0096,3119.59,card,2026-08-07T17:32:00,delivered
ORD_382c52204c,ACC_L0003,4018.39,netbanking,2026-08-13T06:45:00,delivered
ORD_3d76f1d617,ACC_L0055,948.57,card,2026-06-25T19:32:00,delivered
ORD_c9636f637f,ACC_L0248,770.89,netbanking,2026-08-29T02:22:00,returned
ORD_55d21ce5bb,ACC_L0132,3315.81,card,2026-06-06T13:22:00,delivered
ORD_a71626299d,ACC_L0000,1429.03,card,2026-08-15T13:02:00,delivered
ORD_8a743e8222,ACC_L0195,5629.62,upi,2026-08-18T07:40:00,delivered
ORD_d51ea88d1f,ACC_L0217,489.38,wallet,2026-07-13T20:11:00,delivered
ORD_f12cf57994,ACC_L0026,3191.53,upi,2026-07-03T01:45:00,delivered
ORD_c353d26b7a,ACC_L0203,5627.71,upi,2026-08-06T13:34:00,delivered
ORD_c52eef01e5,ACC_L0212,5413.17,wallet,2026-06-25T04:33:00,delivered
ORD_27ffbcb49a,ACC_L0061,4240.78,card,2026-08-13T11:36:00,delivered
ORD_663b6eb01f,ACC_L0094,5449.27,card,2026-08-30T15:28:00,delivered
ORD_22eac9f873,ACC_L0178,3072.72,upi,2026-08-03T14:32:00,delivered
ORD_ddc5b28a47,ACC_L0151,5700.62,netbanking,2026-07-29T03:08:00,delivered
ORD_e2114b5369,ACC_L0066,5469.92,netbanking,2026-08-22T02:40:00,delivered
ORD_3f58e2f0bc,ACC_L0066,3434.23,upi,2026-07-31T00:39:00,returned
ORD_4d7dd6af9a,ACC_RING_B1_0,2173.12,netbanking,2026-08-27T11:26:00,delivered
ORD_adab5c52f5,ACC_L0227,4843.25,wallet,2026-06-14T13:58:00,delivered
ORD_ee1f4ea75d,ACC_RING_B1_2,1261.12,wallet,2026-08-28T03:09:00,returned
ORD_1dda394389,ACC_L0200,4017.08,card,2026-07-10T12:30:00,delivered
ORD_2e61e83b90,ACC_L0197,345.46,card,2026-06-21T14:04:00,delivered
ORD_11dfe662d2,ACC_L0030,2984.89,upi,2026-08-21T08:49:00,delivered
ORD_c6f442778e,ACC_L0178,5854.05,card,2026-07-05T16:04:00,delivered
ORD_89a7884f69,ACC_L0201,411.01,wallet,2026-07-18T12:23:00,delivered
ORD_75127c177e,ACC_L0031,4282.55,card,2026-06-20T07:24:00,delivered
ORD_9885aa3760,ACC_L0177,216.4,wallet,2026-06-16T00:45:00,delivered
ORD_4d52da12dc,ACC_L0244,5759.55,netbanking,2026-08-22T19:58:00,delivered
ORD_002108a8ff,ACC_L0178,5381.47,card,2026-07-18T05:16:00,delivered
ORD_de809a357f,ACC_L0121,4103.83,netbanking,2026-07-29T17:21:00,delivered
ORD_343a813948,ACC_L0074,5410.71,netbanking,2026-08-02T22:58:00,delivered
ORD_ee7cc12901,ACC_RING_B2_1,817.94,upi,2026-07-14T19:45:00,delivered
ORD_4a49685245,ACC_L0159,1778.32,card,2026-07-20T00:45:00,delivered
ORD_894301286c,ACC_N0_1,1092.61,card,2026-07-02T01:08:00,delivered
ORD_90f7d674dd,ACC_L0208,1970.07,wallet,2026-06-08T16:50:00,delivered
ORD_188f2a5371,ACC_L0117,5945.1,netbanking,2026-07-12T19:20:00,delivered
ORD_b23ab5e650,ACC_L0084,1843.66,wallet,2026-08-13T12:45:00,delivered
ORD_f36e312f82,ACC_L0227,5333.82,upi,2026-08-28T15:51:00,delivered
ORD_d349819f82,ACC_L0130,606.9,card,2026-08-07T14:33:00,delivered
ORD_e4a01c47cf,ACC_RING_A1_0,2357.21,netbanking,2026-08-04T01:50:00,disputed
ORD_d62269e5c2,ACC_L0209,5769.04,wallet,2026-07-18T15:38:00,delivered
ORD_d3c38638bf,ACC_L0151,3050.44,upi,2026-07-17T08:15:00,delivered
ORD_b62061621d,ACC_L0084,4512.96,upi,2026-08-07T02:25:00,returned
ORD_fed7d21fc1,ACC_L0148,594.71,wallet,2026-06-07T03:27:00,delivered
ORD_2af7eb9701,ACC_L0111,2721.69,wallet,2026-07-29T02:44:00,delivered
ORD_5b62d8bed5,ACC_L0209,440.46,upi,2026-08-28T02:18:00,delivered
ORD_466874ccd7,ACC_L0080,4694.49,card,2026-06-21T11:19:00,delivered
ORD_29b5aa589f,ACC_L0134,1252.61,card,2026-07-02T14:22:00,delivered
ORD_7f9f4b901e,ACC_L0197,5404.03,card,2026-06-21T23:04:00,delivered
ORD_db75c04f91,ACC_L0148,4510.92,netbanking,2026-06-18T22:46:00,delivered
ORD_8f42eda128,ACC_L0026,3639.94,netbanking,2026-06-23T18:16:00,delivered
ORD_9be9b91298,ACC_L0226,815.92,wallet,2026-06-12T11:52:00,delivered
ORD_b455851a90,ACC_RING_C1_1,1012.57,wallet,2026-08-07T18:57:00,delivered
ORD_06c04e52d3,ACC_L0152,1324.98,netbanking,2026-07-09T10:38:00,returned
ORD_1a66d9fc16,ACC_N0_2,3656.24,card,2026-07-04T05:33:00,returned
ORD_9a16d92453,ACC_L0036,5999.46,netbanking,2026-07-31T00:47:00,delivered
ORD_e7dcf84a1f,ACC_L0206,1969.05,wallet,2026-06-03T10:52:00,delivered
ORD_e75de7188f,ACC_L0195,3888.75,netbanking,2026-08-21T02:52:00,delivered
ORD_24c5f91de7,ACC_L0184,678.96,netbanking,2026-07-10T14:16:00,returned
ORD_f66fd3ca65,ACC_L0216,2902.64,card,2026-08-14T09:29:00,returned
ORD_44364748bf,ACC_L0145,3974.35,card,2026-07-09T21:52:00,delivered
ORD_308e17ea6f,ACC_L0198,1115.23,wallet,2026-08-30T00:27:00,returned
ORD_d1990d41f9,ACC_L0055,3374.9,wallet,2026-07-24T15:30:00,delivered
ORD_0464757932,ACC_L0021,5099.71,card,2026-08-04T15:16:00,returned
ORD_d04ce878a3,ACC_N2_0,4225.74,card,2026-08-15T23:58:00,delivered
ORD_fe7f0085d1,ACC_RING_C1_0,1882.72,wallet,2026-08-07T18:59:00,delivered
ORD_72fadf2c53,ACC_L0047,2950.48,netbanking,2026-06-14T00:36:00,delivered
ORD_8fa48ae576,ACC_L0182,646.68,card,2026-08-29T11:29:00,returned
ORD_bea7a741aa,ACC_L0148,2676.31,wallet,2026-06-30T11:35:00,returned
ORD_90d898394b,ACC_L0244,2174.14,upi,2026-08-11T20:00:00,delivered
ORD_863fb4b764,ACC_L0126,3039.39,upi,2026-07-07T14:41:00,delivered
ORD_7dbd26bf59,ACC_L0248,842.09,card,2026-07-26T10:01:00,delivered
ORD_b4678a9b33,ACC_L0043,1720.11,upi,2026-07-30T13:52:00,delivered
ORD_8ef8566014,ACC_L0006,3303.02,wallet,2026-07-04T04:15:00,delivered
ORD_d48f6f6021,ACC_N5_0,2150.66,upi,2026-06-12T12:43:00,delivered
ORD_e20e9627fd,ACC_L0069,4753.82,upi,2026-06-07T10:15:00,disputed
ORD_2172a08203,ACC_L0242,4736.58,netbanking,2026-08-02T18:35:00,delivered
ORD_6885ff957a,ACC_L0087,3609.81,netbanking,2026-07-27T20:19:00,delivered
ORD_b5a9748c71,ACC_L0237,4305.56,netbanking,2026-08-04T17:44:00,delivered
ORD_9a009e948e,ACC_L0116,3075.46,card,2026-06-19T06:38:00,delivered
ORD_deda068ce2,ACC_L0146,3460.26,card,2026-08-03T13:41:00,delivered
ORD_053059b9c2,ACC_L0182,5539.46,wallet,2026-06-19T22:17:00,delivered
ORD_f89c2822a4,ACC_L0225,733.88,upi,2026-07-29T09:16:00,delivered
ORD_7b5e99c4fe,ACC_N2_3,3123.81,netbanking,2026-07-28T22:10:00,delivered
ORD_df0422e252,ACC_L0160,976.95,wallet,2026-07-10T03:11:00,delivered
ORD_6e688bc47b,ACC_N1_1,1131.17,netbanking,2026-06-24T19:42:00,delivered
ORD_2f060a5748,ACC_RING_B2_1,1551.16,netbanking,2026-07-15T12:43:00,returned
ORD_4609f8e7f3,ACC_L0044,2367.09,card,2026-07-02T14:36:00,delivered
ORD_611a92ecc5,ACC_L0210,4835.06,upi,2026-07-31T04:41:00,delivered
ORD_06cfc36225,ACC_L0189,506.73,netbanking,2026-08-03T13:56:00,delivered
ORD_2bfe882683,ACC_L0061,4188.33,wallet,2026-08-15T09:40:00,returned
ORD_c7a3823833,ACC_RING_B2_0,1326.42,netbanking,2026-07-15T11:09:00,returned
ORD_fd96fc51a8,ACC_L0126,777.71,netbanking,2026-06-05T00:19:00,delivered
ORD_23a63f1f50,ACC_L0172,3130.71,wallet,2026-08-24T09:13:00,delivered
ORD_a6963ca912,ACC_L0073,5789.55,card,2026-08-24T16:19:00,delivered
ORD_c11dd9a496,ACC_L0189,1758.64,wallet,2026-06-23T11:13:00,returned
ORD_feda76b67d,ACC_L0122,3504.84,wallet,2026-08-11T23:17:00,delivered
ORD_c12bac1f2b,ACC_L0129,4524.25,netbanking,2026-06-29T04:30:00,delivered
ORD_f6cc812342,ACC_L0163,1598.06,card,2026-06-14T23:53:00,delivered
ORD_4e1d850c55,ACC_L0179,4088.96,card,2026-06-10T18:23:00,delivered
ORD_389314a856,ACC_L0124,2932.84,upi,2026-07-23T20:59:00,returned
ORD_e44d61d79c,ACC_L0084,3766.03,netbanking,2026-06-03T10:10:00,delivered
ORD_060357019d,ACC_L0023,4140.09,card,2026-07-17T01:57:00,delivered
ORD_929b26f21a,ACC_L0224,1365.01,wallet,2026-06-21T01:35:00,delivered
ORD_c8a72937e6,ACC_N0_1,5025.19,card,2026-08-01T06:37:00,delivered
ORD_c6d8938652,ACC_L0162,3365.9,card,2026-08-12T23:49:00,delivered
ORD_5c3f562abe,ACC_L0102,955.52,netbanking,2026-07-18T14:48:00,delivered
ORD_188b424e2d,ACC_L0019,1919.73,card,2026-06-21T14:53:00,delivered
ORD_e8ce5e9f6b,ACC_L0185,4526.26,upi,2026-06-04T12:54:00,delivered
ORD_42bd4ce274,ACC_L0183,787.49,card,2026-06-26T04:49:00,delivered
ORD_eb750c5596,ACC_L0051,4758.79,upi,2026-06-10T21:14:00,returned
ORD_2253493cac,ACC_L0248,4513.81,card,2026-08-22T23:39:00,delivered
ORD_b0fc0dba08,ACC_L0017,5618.03,upi,2026-08-24T18:36:00,delivered
ORD_685c2fe76d,ACC_L0211,4024.78,netbanking,2026-08-14T03:00:00,delivered
ORD_74633fc020,ACC_L0162,4602.18,netbanking,2026-06-22T02:36:00,delivered
ORD_0298893af2,ACC_L0133,5454.59,wallet,2026-07-18T12:28:00,returned
ORD_03305eba83,ACC_N2_1,1055.45,netbanking,2026-08-28T10:26:00,delivered
ORD_f35172c5c9,ACC_L0019,1579.06,netbanking,2026-06-17T11:56:00,delivered
ORD_86fc4b628b,ACC_L0166,4647.97,wallet,2026-07-28T02:40:00,delivered
ORD_e4d7449660,ACC_L0175,1773.19,netbanking,2026-08-21T17:34:00,delivered
ORD_3326a34f33,ACC_L0102,5769.04,card,2026-07-21T10:41:00,delivered
ORD_7535393646,ACC_N1_0,1147.82,wallet,2026-07-28T19:30:00,returned
ORD_87bf6a7400,ACC_L0137,2014.6,wallet,2026-08-22T21:24:00,delivered
ORD_7b14ad9772,ACC_L0259,3972.02,card,2026-07-19T20:24:00,delivered
ORD_6421c2b4fe,ACC_L0179,4363.68,netbanking,2026-06-29T10:15:00,delivered
ORD_cc99379ab7,ACC_L0078,3431.65,card,2026-08-13T07:51:00,delivered
ORD_3713ea3655,ACC_L0028,4868.39,upi,2026-06-12T07:43:00,delivered
ORD_b896e05243,ACC_L0089,2411.4,netbanking,2026-06-09T10:06:00,delivered
ORD_b11cb5ed92,ACC_L0240,4143.55,upi,2026-06-25T09:28:00,delivered
ORD_408463c884,ACC_L0094,5004.11,upi,2026-06-19T04:02:00,delivered
ORD_45bbf5e947,ACC_L0168,1614.78,netbanking,2026-06-21T08:05:00,delivered
ORD_643e394127,ACC_L0115,2270.76,netbanking,2026-07-22T01:36:00,delivered
ORD_522231357c,ACC_L0008,217.16,card,2026-08-07T08:35:00,returned
ORD_61230ca151,ACC_L0167,2125.87,upi,2026-08-03T08:20:00,delivered
ORD_e673ec3cb6,ACC_L0016,4736.81,wallet,2026-07-19T00:24:00,delivered
ORD_35fa5ccf28,ACC_L0096,3514.03,upi,2026-08-16T17:01:00,delivered
ORD_603ac0479e,ACC_L0085,2193.85,upi,2026-08-07T16:12:00,returned
ORD_7ccd30af85,ACC_L0070,4821.31,card,2026-07-06T04:08:00,delivered
ORD_94473060b8,ACC_L0249,4811.11,netbanking,2026-08-08T07:08:00,delivered
ORD_f1ec02bcf4,ACC_L0193,3581.66,upi,2026-06-23T10:03:00,delivered
ORD_07caf8f89d,ACC_L0198,3494.85,wallet,2026-07-09T07:06:00,delivered
ORD_e6abde8913,ACC_L0252,2992.29,netbanking,2026-08-19T02:57:00,delivered
ORD_5266953b2b,ACC_L0235,1602.2,wallet,2026-07-24T19:58:00,delivered
ORD_dfb9f2a3ca,ACC_RING_B2_2,1531.74,netbanking,2026-07-15T04:48:00,delivered
ORD_02b8faf601,ACC_L0191,2422.27,upi,2026-06-29T18:54:00,disputed
ORD_8996bf653d,ACC_L0204,4962.0,upi,2026-06-11T21:27:00,delivered
ORD_f49387219d,ACC_L0059,3004.49,card,2026-07-11T20:45:00,returned
ORD_a85f0729a9,ACC_L0194,5583.74,netbanking,2026-06-23T22:35:00,delivered
ORD_395c812d4b,ACC_L0034,641.09,wallet,2026-07-21T18:36:00,delivered
ORD_485c099003,ACC_L0150,2775.74,wallet,2026-06-14T04:05:00,delivered
ORD_1e814b7772,ACC_L0228,469.21,upi,2026-06-20T17:57:00,disputed
ORD_f0023846fa,ACC_L0238,4745.36,netbanking,2026-08-25T01:12:00,delivered
ORD_53d6fda70f,ACC_L0097,4909.03,upi,2026-06-18T01:22:00,delivered
ORD_fb869d9721,ACC_RING_A1_4,1275.37,upi,2026-08-03T11:02:00,returned
ORD_4c90b29aa0,ACC_L0113,3059.62,card,2026-08-05T14:31:00,returned
ORD_4a65889a54,ACC_L0014,3490.6,wallet,2026-08-09T04:46:00,returned
ORD_897fd5cbee,ACC_L0082,1345.88,upi,2026-06-29T12:38:00,delivered
ORD_432e47e8d5,ACC_L0243,2509.99,netbanking,2026-08-04T05:26:00,delivered
ORD_826b9b3097,ACC_L0049,1068.78,upi,2026-08-20T06:16:00,delivered
ORD_1f4637a5e3,ACC_L0083,2701.88,wallet,2026-06-10T12:55:00,delivered
ORD_c92b973666,ACC_RING_C1_3,853.95,card,2026-08-08T19:20:00,returned
ORD_ac8ba53563,ACC_L0116,2921.4,wallet,2026-06-05T04:45:00,delivered
ORD_6fa11aab70,ACC_L0181,5987.05,upi,2026-07-30T11:37:00,returned
ORD_70dbdfddbe,ACC_L0129,1875.97,upi,2026-08-28T03:40:00,returned
ORD_177e09c720,ACC_L0168,5310.56,netbanking,2026-07-25T06:44:00,returned
ORD_2d04b888c6,ACC_L0168,3809.79,upi,2026-08-25T20:10:00,delivered
ORD_7dfde5f552,ACC_L0135,4264.22,card,2026-08-16T01:28:00,delivered
ORD_b7129a674b,ACC_RING_B2_0,2448.22,upi,2026-07-14T02:04:00,delivered
ORD_254a07f77a,ACC_RING_C1_1,884.37,card,2026-08-07T20:11:00,delivered
ORD_d664937546,ACC_L0237,4052.87,wallet,2026-08-11T15:37:00,delivered
ORD_b6bd5763c3,ACC_L0081,4119.14,wallet,2026-07-15T13:07:00,delivered
ORD_74fadec94f,ACC_L0053,1626.53,card,2026-08-10T01:29:00,delivered
ORD_f87fa15972,ACC_L0215,5488.85,netbanking,2026-07-04T23:51:00,delivered
ORD_942a4b2cb0,ACC_L0225,1979.34,card,2026-06-06T09:23:00,delivered
ORD_b9716afbc4,ACC_L0029,1013.29,card,2026-08-29T12:31:00,delivered
ORD_2705ee3545,ACC_L0134,5626.99,card,2026-06-05T21:26:00,delivered
ORD_dcb1f20fd3,ACC_L0068,3751.57,netbanking,2026-07-24T20:06:00,delivered
ORD_61f33e98d1,ACC_L0228,4248.39,card,2026-08-25T10:33:00,delivered
ORD_9da8b14693,ACC_L0062,436.91,wallet,2026-08-12T21:49:00,delivered
ORD_9a8ae798dd,ACC_L0177,1959.35,upi,2026-06-15T14:39:00,delivered
ORD_c30cd849da,ACC_L0059,5537.44,upi,2026-08-19T02:15:00,delivered
ORD_c7b144cb48,ACC_L0211,4111.6,wallet,2026-07-29T08:13:00,delivered
ORD_7ea0158060,ACC_L0132,4085.69,netbanking,2026-07-29T18:03:00,delivered
ORD_07cc9d9f77,ACC_L0242,3751.31,netbanking,2026-08-16T01:49:00,returned
ORD_a2499fd2b1,ACC_L0089,2331.18,netbanking,2026-08-07T16:39:00,delivered
ORD_635240dbaf,ACC_L0218,5707.9,netbanking,2026-06-05T17:12:00,delivered
ORD_f82993bf40,ACC_L0235,5313.77,wallet,2026-06-14T12:42:00,delivered
ORD_204a4c6f4b,ACC_L0060,3460.68,upi,2026-07-26T04:15:00,delivered
ORD_f23678ead5,ACC_L0090,1961.05,wallet,2026-06-17T19:45:00,returned
ORD_22b717a0c4,ACC_L0057,3602.56,card,2026-08-03T01:08:00,delivered
ORD_53b64a3a58,ACC_L0219,5280.36,netbanking,2026-08-20T23:15:00,delivered
ORD_e2f68cb417,ACC_L0183,4025.3,upi,2026-06-10T18:36:00,delivered
ORD_a92adc7000,ACC_L0139,4387.19,upi,2026-06-10T06:51:00,delivered
ORD_b1d65348b8,ACC_L0132,1202.89,upi,2026-06-09T15:02:00,delivered
ORD_b42c9e6e94,ACC_L0174,1825.95,wallet,2026-06-06T01:50:00,delivered
ORD_38b15743be,ACC_L0066,2323.12,upi,2026-08-14T12:52:00,delivered
ORD_017d59d1ae,ACC_L0231,1454.07,wallet,2026-07-14T11:52:00,delivered
ORD_172c3233f7,ACC_L0101,2212.47,wallet,2026-07-28T01:46:00,returned
ORD_41aae7e33e,ACC_L0170,5265.81,upi,2026-06-18T12:49:00,delivered
ORD_9c21e7e3c4,ACC_L0096,1557.3,wallet,2026-07-08T13:00:00,delivered
ORD_d1604f9676,ACC_L0210,5208.09,card,2026-07-05T20:26:00,delivered
ORD_cea2f5aedd,ACC_L0158,1506.35,wallet,2026-07-13T17:27:00,returned
ORD_266f0d8477,ACC_L0042,2268.8,wallet,2026-07-24T15:06:00,delivered
ORD_7a2a3940d9,ACC_L0059,319.34,netbanking,2026-07-27T05:44:00,delivered
ORD_6948c6abea,ACC_L0258,5034.0,netbanking,2026-08-30T16:40:00,delivered
ORD_6e485cc204,ACC_L0143,3756.64,wallet,2026-06-08T19:40:00,delivered
ORD_13583a76b1,ACC_L0066,2306.23,netbanking,2026-06-02T08:34:00,delivered
ORD_50e4829785,ACC_L0095,2605.98,wallet,2026-07-01T09:07:00,delivered
ORD_0792d4f07b,ACC_L0119,2730.08,wallet,2026-08-13T22:07:00,delivered
ORD_32bc3cd090,ACC_L0224,676.98,card,2026-08-13T21:31:00,delivered
ORD_82cd2a690e,ACC_L0015,5265.74,card,2026-07-25T05:17:00,delivered
ORD_f4e28c4b7f,ACC_L0159,818.26,netbanking,2026-08-16T12:39:00,delivered
ORD_fe43e6a6ca,ACC_L0108,3372.42,upi,2026-06-11T08:12:00,delivered
ORD_cfdac9c871,ACC_L0027,5651.13,upi,2026-08-10T04:12:00,delivered
ORD_dea1cf42d1,ACC_L0117,3264.19,netbanking,2026-08-15T10:32:00,delivered
ORD_dcd2e2baf5,ACC_L0203,1127.91,upi,2026-06-16T14:11:00,returned
ORD_8cb2b13bda,ACC_L0098,1823.75,card,2026-07-03T01:48:00,delivered
ORD_db93821ca2,ACC_L0128,2872.56,upi,2026-08-28T07:03:00,delivered
ORD_1f146580bd,ACC_L0254,1791.6,upi,2026-06-23T20:38:00,delivered
ORD_d289e5d8f5,ACC_L0148,5956.63,wallet,2026-07-12T00:40:00,delivered
ORD_f2a996070a,ACC_L0147,5032.71,wallet,2026-07-09T05:36:00,delivered
ORD_e7dce1ebaa,ACC_L0146,4261.64,card,2026-08-10T15:03:00,delivered
ORD_7eb02855a7,ACC_RING_A1_3,1520.7,wallet,2026-08-03T07:02:00,delivered
ORD_f5e15672a2,ACC_L0067,4072.34,wallet,2026-08-08T04:24:00,delivered
ORD_8c6d86bcc0,ACC_L0162,5063.37,wallet,2026-07-23T21:31:00,delivered
ORD_6d073a3db7,ACC_L0198,5850.23,wallet,2026-06-21T01:06:00,delivered
ORD_357ce5a277,ACC_L0141,2896.52,netbanking,2026-07-30T03:51:00,disputed
ORD_89ce5d942e,ACC_RING_B1_2,1012.57,upi,2026-08-27T13:42:00,returned
ORD_a93835f308,ACC_L0213,4292.2,upi,2026-07-22T12:47:00,delivered
ORD_9870eb8434,ACC_L0103,4268.62,upi,2026-08-11T03:16:00,delivered
ORD_b7ea8b50b2,ACC_L0018,1904.98,netbanking,2026-07-04T12:08:00,delivered
ORD_adcf7c90f7,ACC_L0011,5791.52,upi,2026-07-04T16:55:00,delivered
ORD_9b9e4a2568,ACC_L0227,5892.18,upi,2026-06-15T04:44:00,delivered
ORD_9174f263df,ACC_L0186,5898.02,upi,2026-06-16T00:03:00,delivered
ORD_b6a731aece,ACC_L0203,3493.19,upi,2026-08-04T18:57:00,delivered
ORD_effd46a464,ACC_L0087,5153.47,wallet,2026-07-07T02:41:00,returned
ORD_89d7c64553,ACC_L0083,1177.81,wallet,2026-06-16T00:31:00,delivered
ORD_26dafe2d44,ACC_L0043,5529.76,wallet,2026-08-06T20:17:00,delivered
ORD_637545f461,ACC_L0214,3997.05,upi,2026-08-04T09:54:00,delivered
ORD_4be154d9bf,ACC_L0242,1049.16,netbanking,2026-07-30T22:59:00,delivered
ORD_3db78744da,ACC_L0197,3958.17,upi,2026-06-13T15:50:00,returned
ORD_4dd8e4214a,ACC_L0133,4356.7,wallet,2026-06-01T00:19:00,delivered
ORD_7ee9a5d276,ACC_L0046,1199.73,card,2026-06-13T06:18:00,delivered
ORD_63afa2d1e6,ACC_L0206,1761.17,upi,2026-08-13T19:30:00,delivered
ORD_45b91b2e86,ACC_L0156,4226.07,netbanking,2026-07-15T15:06:00,delivered
ORD_5bf0901745,ACC_L0097,4663.28,netbanking,2026-07-01T23:42:00,delivered
ORD_dca9706636,ACC_L0159,5196.42,netbanking,2026-06-26T14:07:00,delivered
ORD_5ab54ce939,ACC_N2_0,4646.73,netbanking,2026-07-25T07:51:00,delivered
ORD_98a1517711,ACC_L0124,5461.43,card,2026-07-07T10:18:00,delivered
ORD_b5ec7d1fec,ACC_L0009,5727.97,card,2026-06-20T11:48:00,delivered
ORD_b8872a3f75,ACC_L0050,1853.87,upi,2026-07-23T14:44:00,delivered
ORD_b0f599f366,ACC_L0150,694.43,netbanking,2026-06-14T00:05:00,delivered
ORD_d251d7c535,ACC_N3_1,3712.82,wallet,2026-06-09T08:14:00,delivered
ORD_5015f2cf40,ACC_N3_2,3167.51,upi,2026-06-25T01:50:00,delivered
ORD_47b57c3281,ACC_N5_0,1690.6,netbanking,2026-08-06T17:00:00,delivered
ORD_49e0c27a21,ACC_N3_2,4675.61,upi,2026-07-07T22:38:00,delivered
ORD_e9e472c128,ACC_L0160,1982.14,upi,2026-08-18T18:05:00,delivered
ORD_90246761d2,ACC_L0029,3834.13,upi,2026-08-18T02:29:00,delivered
ORD_c07f2836e0,ACC_L0003,1711.82,card,2026-06-21T11:22:00,delivered
ORD_d637cbb8b8,ACC_N2_2,2475.11,upi,2026-07-17T19:17:00,disputed
ORD_19c37fa116,ACC_L0190,4721.4,netbanking,2026-07-19T22:22:00,delivered
ORD_a99975d756,ACC_L0024,5172.77,upi,2026-08-29T03:24:00,returned
ORD_31a9c05558,ACC_L0116,4130.33,card,2026-08-10T08:52:00,disputed
ORD_660cdbcc7f,ACC_L0251,1628.54,card,2026-06-21T05:14:00,delivered
ORD_4c057974aa,ACC_L0088,5752.68,wallet,2026-07-12T19:30:00,delivered
ORD_f71d02f11d,ACC_L0121,1782.19,netbanking,2026-08-18T15:12:00,returned
ORD_26cbde54a7,ACC_L0027,4360.56,netbanking,2026-08-19T10:42:00,delivered
ORD_989079c59c,ACC_L0076,2132.75,wallet,2026-07-26T14:56:00,delivered
ORD_11999d045a,ACC_L0106,4641.52,upi,2026-06-17T17:40:00,delivered
ORD_43982b7a86,ACC_L0019,755.98,upi,2026-08-25T17:19:00,returned
ORD_fc506e488c,ACC_L0212,3988.3,netbanking,2026-08-21T10:55:00,delivered
ORD_47a5273bd4,ACC_N3_3,1071.05,netbanking,2026-07-17T07:41:00,delivered
ORD_f5ca17dc5d,ACC_L0236,4528.3,netbanking,2026-06-18T13:38:00,delivered
ORD_2fd7865b20,ACC_L0155,3414.26,upi,2026-07-04T07:32:00,delivered
ORD_9d243b97b4,ACC_L0008,5242.53,netbanking,2026-08-04T05:32:00,returned
ORD_a132dcdac2,ACC_N4_2,2355.92,wallet,2026-08-13T08:44:00,delivered
ORD_0a058b584e,ACC_L0061,2734.12,netbanking,2026-07-07T21:34:00,delivered
ORD_2c3db12088,ACC_L0253,5758.15,upi,2026-08-12T18:23:00,delivered
ORD_c1585daf81,ACC_L0196,4754.07,card,2026-07-02T22:04:00,delivered
ORD_fe422a5382,ACC_L0222,2588.14,wallet,2026-08-23T00:03:00,delivered
ORD_2dbd035d05,ACC_L0108,3090.05,upi,2026-08-20T09:39:00,delivered
ORD_58a3a8314d,ACC_L0211,2352.38,netbanking,2026-08-30T20:17:00,delivered
ORD_b46deaa90d,ACC_L0221,1138.56,netbanking,2026-06-28T23:01:00,delivered
ORD_daac30cbf1,ACC_L0089,3647.63,netbanking,2026-07-20T13:49:00,delivered
ORD_ec8d301626,ACC_L0091,916.64,wallet,2026-08-24T10:56:00,delivered
ORD_052315accb,ACC_L0217,4706.81,wallet,2026-06-19T10:55:00,delivered
ORD_8e711cc4a3,ACC_L0090,2994.68,upi,2026-06-24T06:21:00,returned
ORD_d015c117ab,ACC_L0140,1346.4,upi,2026-08-01T07:44:00,delivered
ORD_1c07c2c50e,ACC_L0011,2712.89,wallet,2026-07-10T12:42:00,delivered
ORD_5197a473c0,ACC_L0192,1251.17,wallet,2026-08-12T18:09:00,delivered
ORD_0b316f3190,ACC_L0183,5567.35,wallet,2026-07-01T09:16:00,returned
ORD_c0836b2f5a,ACC_RING_C2_0,1685.94,upi,2026-07-23T01:02:00,returned
ORD_2ee4fa42f5,ACC_L0051,1949.53,netbanking,2026-06-19T02:03:00,delivered
ORD_298b1d5c6b,ACC_RING_B1_0,1843.23,wallet,2026-08-29T02:27:00,delivered
ORD_6eade49717,ACC_L0145,1021.05,upi,2026-06-23T03:58:00,delivered
ORD_8465d1beca,ACC_L0007,2619.64,card,2026-06-20T20:10:00,delivered
ORD_3ef0a2daa8,ACC_L0123,1332.1,netbanking,2026-08-23T08:47:00,delivered
ORD_5efd725106,ACC_L0063,677.28,netbanking,2026-06-05T18:23:00,delivered
ORD_ef5d3bdd37,ACC_L0252,1522.02,netbanking,2026-07-13T11:08:00,delivered
ORD_544eaa7a3b,ACC_L0101,1085.92,card,2026-07-17T16:51:00,delivered
ORD_c63430aa3d,ACC_L0024,4802.77,upi,2026-06-26T14:22:00,delivered
ORD_85a025a0a1,ACC_L0052,4447.02,netbanking,2026-06-11T19:02:00,returned
ORD_5d406d263f,ACC_L0040,746.12,netbanking,2026-08-15T22:53:00,delivered
ORD_1b924aa54e,ACC_L0067,829.3,upi,2026-06-06T01:19:00,disputed
ORD_bd4a517b44,ACC_L0154,4254.56,card,2026-08-09T01:50:00,returned
ORD_063b2911a4,ACC_RING_A1_4,2184.12,netbanking,2026-08-02T04:15:00,returned
ORD_94b493c385,ACC_L0087,4472.69,card,2026-07-30T18:35:00,returned
ORD_964979d6d7,ACC_L0098,1316.9,card,2026-06-05T09:12:00,delivered
ORD_e97f7dba03,ACC_L0020,1382.18,netbanking,2026-08-10T04:17:00,delivered
ORD_63b022cb65,ACC_L0180,1801.5,netbanking,2026-07-22T02:56:00,delivered
ORD_7a47dee9f2,ACC_L0063,4114.92,upi,2026-06-29T20:12:00,delivered
ORD_c663843911,ACC_L0253,4316.36,wallet,2026-06-01T10:15:00,delivered
ORD_0709cf6ae0,ACC_L0181,4739.37,upi,2026-06-02T11:12:00,delivered
ORD_66db3f3005,ACC_L0250,4396.73,upi,2026-07-10T06:47:00,delivered
ORD_084c5c6a57,ACC_L0146,5564.67,card,2026-07-05T01:59:00,delivered
ORD_c00c058e89,ACC_L0075,3691.75,card,2026-08-16T16:18:00,delivered
ORD_810bec56a7,ACC_L0129,4580.5,upi,2026-07-24T22:35:00,returned
ORD_a47148988c,ACC_L0012,3592.37,card,2026-07-14T00:37:00,delivered
ORD_1ec9899a3d,ACC_N2_2,1195.51,wallet,2026-07-23T17:50:00,delivered
ORD_6b51035f10,ACC_L0240,4567.38,upi,2026-08-21T22:45:00,delivered
ORD_a55c4e14db,ACC_L0145,1713.85,wallet,2026-08-19T16:16:00,delivered
ORD_ac41314cae,ACC_L0136,5510.92,netbanking,2026-06-18T16:18:00,delivered
